{
    "data": [
        [
            116.485018,
            39.84805
        ],
        [
            116.486164,
            39.846963
        ],
        [
            116.487866,
            39.845356
        ],
        [
            116.489195,
            39.844058
        ],
        [
            116.490902,
            39.842472
        ],
        [
            116.492618,
            39.840876
        ],
        [
            116.494163,
            39.839425
        ],
        [
            116.496714,
            39.837036
        ],
        [
            116.497127,
            39.836634
        ],
        [
            116.49878,
            39.835231
        ],
        [
            116.500483,
            39.83376
        ],
        [
            116.502342,
            39.832302
        ],
        [
            116.503519,
            39.831367
        ],
        [
            116.503905,
            39.831059
        ],
        [
            116.506097,
            39.829483
        ],
        [
            116.507808,
            39.828285
        ],
        [
            116.509596,
            39.827097
        ],
        [
            116.509798,
            39.826941
        ],
        [
            116.51137,
            39.825964
        ],
        [
            116.511464,
            39.826009
        ],
        [
            116.511424,
            39.826016
        ],
        [
            116.511074,
            39.826234
        ],
        [
            116.509861,
            39.826996
        ],
        [
            116.507813,
            39.828378
        ],
        [
            116.50545,
            39.830027
        ],
        [
            116.503658,
            39.831349
        ],
        [
            116.500846,
            39.833594
        ],
        [
            116.497442,
            39.836468
        ],
        [
            116.495618,
            39.838154
        ],
        [
            116.491976,
            39.841586
        ],
        [
            116.488903,
            39.844452
        ],
        [
            116.486667,
            39.846609
        ],
        [
            116.485077,
            39.848105
        ],
        [
            116.485009,
            39.84806
        ]
    ],
    "direction": 1,
    "errorno": 0,
    "maxX": 116.511464,
    "maxY": 39.848105,
    "minX": 116.485009,
    "minY": 39.825964,
    "nearestTime": "2016-07-19 13:50:06",
    "rt_loc_cnt": 34,
    "total": 34,
    "userTime": "2016-07-19 13:50:06"
}