{
	"data": [
		[116.544859, 39.915704],
		[116.547069, 39.915607],
		[116.548789, 39.915559],
		[116.549449, 39.915573],
		[116.554489, 39.915393],
		[116.555989, 39.915368],
		[116.560786, 39.915327],
		[116.564846, 39.915313],
		[116.568767, 39.915313],
		[116.572185, 39.915296],
		[116.57599, 39.91531],
		[116.577831, 39.91542],
		[116.582107, 39.91587],
		[116.583378, 39.915998],
		[116.585296, 39.916095],
		[116.588373, 39.915946],
		[116.594858, 39.915268],
		[116.598016, 39.915175],
		[116.6039, 39.915116],
		[116.607242, 39.915092],
		[116.61247, 39.91494],
		[116.613094, 39.914926],
		[116.613566, 39.914857],
		[116.614365, 39.914625],
		[116.615147, 39.914327],
		[116.615843, 39.91404],
		[116.617752, 39.913241],
		[116.619917, 39.912356],
		[116.620712, 39.912134],
		[116.621632, 39.91202],
		[116.622342, 39.912013],
		[116.623294, 39.912141],
		[116.625055, 39.912553],
		[116.627058, 39.91276],
		[116.629457, 39.912729],
		[116.632731, 39.912757],
		[116.638381, 39.91276],
		[116.63963, 39.912695],
		[116.642249, 39.912328],
		[116.642267, 39.91237],
		[116.642195, 39.912397],
		[116.639594, 39.912774],
		[116.638404, 39.91283],
		[116.631698, 39.912819],
		[116.628675, 39.912812],
		[116.627027, 39.912826],
		[116.624983, 39.912626],
		[116.624435, 39.912456],
		[116.623182, 39.9122],
		[116.622679, 39.912131],
		[116.62236, 39.912103],
		[116.621628, 39.9121],
		[116.621013, 39.912166],
		[116.62064, 39.912235],
		[116.620056, 39.912394],
		[116.618637, 39.912954],
		[116.61697, 39.913674],
		[116.615192, 39.914442],
		[116.614612, 39.914632],
		[116.61463, 39.914691],
		[116.613498, 39.91495],
		[116.612986, 39.915005],
		[116.609784, 39.915095],
		[116.606685, 39.915178],
		[116.604488, 39.915189],
		[116.599552, 39.915234],
		[116.596565, 39.915285],
		[116.59502, 39.915327],
		[116.589868, 39.915863],
		[116.588382, 39.916026],
		[116.585283, 39.916171],
		[116.583288, 39.916067],
		[116.578402, 39.915559],
		[116.57775, 39.915493],
		[116.57599, 39.915382],
		[116.571242, 39.915382],
		[116.563885, 39.915386],
		[116.55655, 39.915431],
		[116.550927, 39.915604],
		[116.546512, 39.915756],
		[116.544859, 39.915777],
		[116.544868, 39.915718]
	],
	"direction": -1,
	"errorno": 0,
	"maxX": 116.642267,
	"maxY": 39.916171,
	"minX": 116.544859,
	"minY": 39.912013,
	"nearestTime": "2016-07-19 15:26:14",
	"rt_loc_cnt": 82,
	"total": 82,
	"userTime": "2016-07-19 15:26:14"
}